INSERT INTO DEV_USER (ID, USERNAME, PASSWORD, USER_INFO_ID, STATUS, main_station_id, visit) VALUES ('4028809f45d4ce310145d4d4bb0c0002', 'admin', '21232f297a57a5a743894a0e4a801fc3', '4028809544f3287a0144f330dbc50004', 0, '2c9082be4b38e366014b38e50a470003', '1')
INSERT INTO DEV_USER_INFO (ID, USER_CHINESE_NAME, JOB_NUMBER, SEX, EMAIL, BIRTHDAY, MOBILE, TELPHONE, USER_THEME, DESC_CONTENT, CREATE_TIME) VALUES ('4028809544f3287a0144f330dbc50004', '管理员', '201426270918', '2', 'admin@sina.com', null, null, null, 'red', null, null)

INSERT INTO DEV_DEP (ID, NAME, PARENT_ID, BH, DESC_CONTENT, STATUS, OID) VALUES ('43bac75c424a428a8eafd657aa95d322', 'KBS默认部门', null, '43bac75c424a428a8eafd657aa95d322', '请勿删除!同步使用!', 0, 'DEFAULT')
INSERT INTO DEV_STATION (ID, DEP_ID, NAME, DESC_CONTENT, CREATE_TIME, STATUS) VALUES ('2c9082be4b38e366014b38e50a470003', '43bac75c424a428a8eafd657aa95d322', '默认岗位', '默认岗位', null, 0)
INSERT INTO DEV_USER_STATION (USER_ID, STATION_ID) VALUES ('4028809f45d4ce310145d4d4bb0c0002', '2c9082be4b38e366014b38e50a470003')

INSERT INTO DEV_ROLE (ID, NAME, DESC_CONTENT, CREATE_TIME, status) VALUES ('402880a545d051680145d0fd5128000f', '系统管理员', '系统管理员请勿删除！', null, '0')
INSERT INTO DEV_ROLE (ID, NAME, DESC_CONTENT, CREATE_TIME, status) VALUES ('402880a545d051680145d0fd5129000f', '默认角色', '系统默认角色请勿删除！', null, '0')
INSERT INTO DEV_USER_ROLE (USER_ID, ROLE_ID) VALUES ('4028809f45d4ce310145d4d4bb0c0002', '402880a545d051680145d0fd5128000f')

INSERT INTO DEV_SYSTEM_PARAM (id, name, value, label, i) VALUES ('40288126488d23e001488d49ad4b000d', 'system_shortcut_icon', '', '地址栏图标', 1)
INSERT INTO DEV_SYSTEM_PARAM (id, name, value, label, i) VALUES ('40288126488d23e001488d49ad4d0010', 'system_login_logo', '', '登录页面Logo', 4)
INSERT INTO DEV_SYSTEM_PARAM (id, name, value, label, i) VALUES ('40288126488d23e001488d49ad4d0012', 'system_banner_logo', '', 'Banner Logo', 6)
INSERT INTO DEV_SYSTEM_PARAM (id, name, value, label, i) VALUES ('4028820a48a116ab0148a11c3aae0004', 'system_title', '小i机器人智能知识库', '系统标题', 2)
INSERT INTO DEV_SYSTEM_PARAM (id, name, value, label, i) VALUES ('4028820a48a116ab0148a11c3ab10005', 'system_login_title', '', '登录页面标题', 3)
INSERT INTO DEV_SYSTEM_PARAM (id, name, value, label, i) VALUES ('4028820a48a116ab0148a11c3ab10006', 'system_banner_title', '', 'Banner 标题', 5)

INSERT INTO DEV_MENU (id, superior_id, menu_key, menu_name, menu_url, menu_level, menu_order, menu_flag) VALUES ('2c9681ca479fcbcd01479fd95cdb0064', null, 'K-AttachmentDownload', '知识附件下载', null, 3, 4, '1')
INSERT INTO DEV_MENU (id, superior_id, menu_key, menu_name, menu_url, menu_level, menu_order, menu_flag) VALUES ('402880a245b0f9720145b186f4150002', null, 'systemManagement', '系统管理', '', 1, 2, '1')
INSERT INTO DEV_MENU (id, superior_id, menu_key, menu_name, menu_url, menu_level, menu_order, menu_flag) VALUES ('402880a245b0f9720145b18e62d50003', '402880a245b0f9720145b186f4150002', 'userManagement', '用户管理', '/app/auther/user!initPage.htm', 2, 1, '1')
INSERT INTO DEV_MENU (id, superior_id, menu_key, menu_name, menu_url, menu_level, menu_order, menu_flag) VALUES ('402880a245b0f9720145b19d8a560004', '402880a245b0f9720145b186f4150002', 'deptManagement', '部门管理', '/app/auther/dept.htm', 2, 3, '1')
INSERT INTO DEV_MENU (id, superior_id, menu_key, menu_name, menu_url, menu_level, menu_order, menu_flag) VALUES ('402880a245c639330145c63d4ecd0001', '402880a245b0f9720145b186f4150002', 'workflowManagement', '流程管理', 'http://oa1.demo.xiaoi.com/j_acegi_security_check?j_username=sysadmin&j_password=1&targeturl=http://oa1.demo.xiaoi.com/workflow/workflow/workflowinfolist.jsp?moduleid=402882e94338dab001433c4a24580013', 2, 5, '1')
INSERT INTO DEV_MENU (id, superior_id, menu_key, menu_name, menu_url, menu_level, menu_order, menu_flag) VALUES ('402880a245cae42e0145caf7f0bb0001', '402880a245b0f9720145b186f4150002', 'roleManagement', '角色管理', '/app/auther/role.htm', 2, 2, '1')
INSERT INTO DEV_MENU (id, superior_id, menu_key, menu_name, menu_url, menu_level, menu_order, menu_flag) VALUES ('402880a245cae42e0145cb0af0da0006', '402880a245b0f9720145b18e62d50003', 'userManageEdit', '用户编辑', '', 3, 2, '1')
INSERT INTO DEV_MENU (id, superior_id, menu_key, menu_name, menu_url, menu_level, menu_order, menu_flag) VALUES ('402880a245cae42e0145cb0b5b270007', '402880a245b0f9720145b18e62d50003', 'userManageDel', '用户删除', '', 3, 3, '1')
INSERT INTO DEV_MENU (id, superior_id, menu_key, menu_name, menu_url, menu_level, menu_order, menu_flag) VALUES ('402880a245cae42e0145cb0bcf860008', '402880a245b0f9720145b18e62d50003', 'userManageImport', '用户批量导入', '', 3, 4, '1')
INSERT INTO DEV_MENU (id, superior_id, menu_key, menu_name, menu_url, menu_level, menu_order, menu_flag) VALUES ('402880a245cae42e0145cb0c18770009', '402880a245b0f9720145b18e62d50003', 'userManagePasswordReset', '用户密码重置', '', 3, 5, '1')
INSERT INTO DEV_MENU (id, superior_id, menu_key, menu_name, menu_url, menu_level, menu_order, menu_flag) VALUES ('402880a245cae42e0145cb0c9d16000a', '402880a245b0f9720145b18e62d50003', 'userManageAccountNumber1', '用户账号停用', '', 3, 6, '1')
INSERT INTO DEV_MENU (id, superior_id, menu_key, menu_name, menu_url, menu_level, menu_order, menu_flag) VALUES ('402880a245cae42e0145cb0ced91000b', '402880a245b0f9720145b18e62d50003', 'userManageAccountNumber0', '用户账号启用', '', 3, 7, '1')
INSERT INTO DEV_MENU (id, superior_id, menu_key, menu_name, menu_url, menu_level, menu_order, menu_flag) VALUES ('402880a245cae42e0145cb0db62c000c', '402880a245b0f9720145b18e62d50003', 'userManageExportUser0', '用户导出选择', '', 3, 8, '1')
INSERT INTO DEV_MENU (id, superior_id, menu_key, menu_name, menu_url, menu_level, menu_order, menu_flag) VALUES ('402880a245cae42e0145cb0e243e000d', '402880a245b0f9720145b18e62d50003', 'userManageExportUser1', '用户导出全部', '', 3, 9, '1')
INSERT INTO DEV_MENU (id, superior_id, menu_key, menu_name, menu_url, menu_level, menu_order, menu_flag) VALUES ('402880a245cb55040145cb6a3a0e0001', null, 'reportManagement', '报表管理', '', 1, 3, '1')
INSERT INTO DEV_MENU (id, superior_id, menu_key, menu_name, menu_url, menu_level, menu_order, menu_flag) VALUES ('402880a245cb55040145cb74c16a0002', '402880a245cb55040145cb6a3a0e0001', 'statement/click-amount.htm', '知识点选量明细', '/app/statement/click-amount.htm', 2, 1, '1')
INSERT INTO DEV_MENU (id, superior_id, menu_key, menu_name, menu_url, menu_level, menu_order, menu_flag) VALUES ('402880d945b20c270145b215b65d0001', '402880a245b0f9720145b18e62d50003', 'userManageAdd', '用户新增', '', 3, 1, '1')
INSERT INTO DEV_MENU (id, superior_id, menu_key, menu_name, menu_url, menu_level, menu_order, menu_flag) VALUES ('402880ea46f08df60146f09f43380001', '402880a245b0f9720145b186f4150002', 'menuManagement', '菜单管理', '/app/auther/menu.htm', 3, 6, '1')
INSERT INTO DEV_MENU (id, superior_id, menu_key, menu_name, menu_url, menu_level, menu_order, menu_flag) VALUES ('4028820a488c6ee901488ceeb7e6002d', '402880a245b0f9720145b186f4150002', 'ParamsConfig', '系统参数维护', '/app/auther/system.htm', 2, 7, '1')
INSERT INTO DEV_MENU (id, superior_id, menu_key, menu_name, menu_url, menu_level, menu_order, menu_flag) VALUES ('402882e147d7c7850147d7d099990004', null, 'recommendObject', '推荐知识', '', 3, 1, '1')
INSERT INTO DEV_MENU (id, superior_id, menu_key, menu_name, menu_url, menu_level, menu_order, menu_flag) VALUES ('402882be48f412b30148f416c9f50003', null, 'K-maskObject', '实例版本屏蔽(公开)', '', 3, 5, '1')
INSERT INTO DEV_MENU (id, superior_id, menu_key, menu_name, menu_url, menu_level, menu_order, menu_flag) VALUES ('4028821549a840e20149a843e1100001', '402880a245cb55040145cb6a3a0e0001', 'correctionsManagement', '纠错汇总', '/app/corrections/satisfaction!correctionsreport.htm', 2, 2, '1')
INSERT INTO DEV_MENU (id, superior_id, menu_key, menu_name, menu_url, menu_level, menu_order, menu_flag) VALUES ('2c9082be4acd33c4014acd41b0b00007', null, 'navigation', '导航栏', '', 2, 0, '1')
INSERT INTO DEV_MENU (id, superior_id, menu_key, menu_name, menu_url, menu_level, menu_order, menu_flag) VALUES ('2c9082be4acd33c4014acd4356d70009', '2c9082be4acd33c4014acd41b0b00007', 'navigation_mindmap', '我的脑图', '', 3, 0, '1')
INSERT INTO DEV_MENU (id, superior_id, menu_key, menu_name, menu_url, menu_level, menu_order, menu_flag) VALUES ('2c9082174c0d5099014c0d7010cc0004', '2c9082be4acd33c4014acd41b0b00007', 'individual', '个人中心', '', 3, 10, '1')
INSERT INTO DEV_MENU (id, superior_id, menu_key, menu_name, menu_url, menu_level, menu_order, menu_flag) VALUES ('2c9082174c0d5099014c0d7010cc0014', '2c9082be4acd33c4014acd41b0b00007', 'navCreateFaq', '合理化建议', '', 3, 15, '1')
INSERT INTO DEV_MENU (id, superior_id, menu_key, menu_name, menu_url, menu_level, menu_order, menu_flag) VALUES ('2c9082174c0d5099014c0d72e5360005', '2c9082174c0d5099014c0d7010cc0004', 'waitAuditing', '待办事务', '', 2, 1, '1')
INSERT INTO DEV_MENU (ID, SUPERIOR_ID, MENU_KEY, MENU_NAME, MENU_URL, MENU_LEVEL, MENU_ORDER, MENU_FLAG) VALUES ('2c9082be4c45a1f6014c45a3afb30002', '402880a245b0f9720145b186f4150002', 'PbTaskManagement', '任务考试管理', '/app/task/pb-task.htm', 2, 10, '1')
INSERT INTO DEV_MENU (ID, SUPERIOR_ID, MENU_KEY, MENU_NAME, MENU_URL, MENU_LEVEL, MENU_ORDER, MENU_FLAG) VALUES ('2c9082174d41be38014d41d297fb0002', '402880a245b0f9720145b186f4150002', 'pointsManger', '积分管理', '/app/points/p-manager.htm', 2, 40, '1')
INSERT INTO DEV_MENU (ID, SUPERIOR_ID, MENU_KEY, MENU_NAME, MENU_URL, MENU_LEVEL, MENU_ORDER, MENU_FLAG) VALUES ('2c9082174e662568014e674e07b70002', '2c9082174c0d5099014c0d7010cc0004', 'NoticeManagement', '公告管理', '', 2, 2, '1')
INSERT INTO DEV_MENU (ID, SUPERIOR_ID, MENU_KEY, MENU_NAME, MENU_URL, MENU_LEVEL, MENU_ORDER, MENU_FLAG) VALUES ('2c9082174fab07fe014fab7ee1010003', '402880a245cb55040145cb6a3a0e0001', 'taskReportManager', '任务考核统计', '/app/task/tasktest-report.htm', 2, 10, '1')
INSERT INTO DEV_MENU (ID, SUPERIOR_ID, MENU_KEY, MENU_NAME, MENU_URL, MENU_LEVEL, MENU_ORDER, MENU_FLAG) VALUES ('2c90882251c853510151c85670870002', null, 'learnManagement', '学习培训', '/app/learning/ques.htm', 1, 1, '1')
INSERT INTO DEV_MENU (ID, SUPERIOR_ID, MENU_KEY, MENU_NAME, MENU_URL, MENU_LEVEL, MENU_ORDER, MENU_FLAG) VALUES ('2c90882251c853510151c85defec0005', '2c90882251c853510151c85670870002', 'quesManagement', '题目管理', '/app/learning/ques.htm', 2, 1, '1')
INSERT INTO DEV_MENU (ID, SUPERIOR_ID, MENU_KEY, MENU_NAME, MENU_URL, MENU_LEVEL, MENU_ORDER, MENU_FLAG) VALUES ('2c90880a51d276320151d2783ac40002', '2c90882251c853510151c85670870002', 'examManagement', '考试管理', '/app/learning/exam.htm', 2, 56, '1')
INSERT INTO DEV_MENU (ID, SUPERIOR_ID, MENU_KEY, MENU_NAME, MENU_URL, MENU_LEVEL, MENU_ORDER, MENU_FLAG) VALUES ('2c90881051cd4fb20151cd566d2c0002', '2c90882251c853510151c85670870002', 'courseManagement', '课程管理', '/app/learning/course!list.htm', 2, 5, '1')
INSERT INTO DEV_MENU (ID, SUPERIOR_ID, MENU_KEY, MENU_NAME, MENU_URL, MENU_LEVEL, MENU_ORDER, MENU_FLAG) VALUES ('2c9088105214de8a015214e21d340002', '2c90882251c853510151c85670870002', 'trainManagement', '培训管理', '/app/learning/train!list.htm', 2, 58, '1')
INSERT INTO DEV_MENU (ID, SUPERIOR_ID, MENU_KEY, MENU_NAME, MENU_URL, MENU_LEVEL, MENU_ORDER, MENU_FLAG) VALUES ('2c90881451c8b48a0151c8e51da40005', '2c90882251c853510151c85670870002', 'pagerManagement', '试卷管理', '/app/learning/paper.htm', 2, 50, '1')
INSERT INTO DEV_MENU (ID, SUPERIOR_ID, MENU_KEY, MENU_NAME, MENU_URL, MENU_LEVEL, MENU_ORDER, MENU_FLAG) VALUES ('2c908822531b976701531ba0fb2f0010', '2c90882251c853510151c85defec0005', 'quesManageAdd', '新增', '', 3, 1, '1')
INSERT INTO DEV_MENU (ID, SUPERIOR_ID, MENU_KEY, MENU_NAME, MENU_URL, MENU_LEVEL, MENU_ORDER, MENU_FLAG) VALUES ('2c908822531c615701531ca7625e0002', '2c90881051cd4fb20151cd566d2c0002', 'courseManageExport', '批量导出', '', 3, 7, '1')
INSERT INTO DEV_MENU (ID, SUPERIOR_ID, MENU_KEY, MENU_NAME, MENU_URL, MENU_LEVEL, MENU_ORDER, MENU_FLAG) VALUES ('2c908822531c615701531ca7e6b90003', '2c90881051cd4fb20151cd566d2c0002', 'courseManageImport', '批量导入', '', 3, 6, '1')
INSERT INTO DEV_MENU (ID, SUPERIOR_ID, MENU_KEY, MENU_NAME, MENU_URL, MENU_LEVEL, MENU_ORDER, MENU_FLAG) VALUES ('2c908822531c615701531ca96b970004', '2c90881051cd4fb20151cd566d2c0002', 'courseManageAdd', '新增', '', 3, 1, '1')
INSERT INTO DEV_MENU (ID, SUPERIOR_ID, MENU_KEY, MENU_NAME, MENU_URL, MENU_LEVEL, MENU_ORDER, MENU_FLAG) VALUES ('2c908822531c615701531ca9a56b0005', '2c90881051cd4fb20151cd566d2c0002', 'courseManageEdit', '编辑', '', 3, 2, '1')
INSERT INTO DEV_MENU (ID, SUPERIOR_ID, MENU_KEY, MENU_NAME, MENU_URL, MENU_LEVEL, MENU_ORDER, MENU_FLAG) VALUES ('2c908822531c615701531ca9d53a0006', '2c90881051cd4fb20151cd566d2c0002', 'courseManageDel', '删除', '', 3, 3, '1')
INSERT INTO DEV_MENU (ID, SUPERIOR_ID, MENU_KEY, MENU_NAME, MENU_URL, MENU_LEVEL, MENU_ORDER, MENU_FLAG) VALUES ('2c908822531c615701531caa581e0007', '2c90881051cd4fb20151cd566d2c0002', 'courseManageStart', '启用', '', 3, 4, '1')
INSERT INTO DEV_MENU (ID, SUPERIOR_ID, MENU_KEY, MENU_NAME, MENU_URL, MENU_LEVEL, MENU_ORDER, MENU_FLAG) VALUES ('2c908822531c615701531caa94720008', '2c90881051cd4fb20151cd566d2c0002', 'courseManageStop', '停用', '', 3, 5, '1')
INSERT INTO DEV_MENU (ID, SUPERIOR_ID, MENU_KEY, MENU_NAME, MENU_URL, MENU_LEVEL, MENU_ORDER, MENU_FLAG) VALUES ('2c908822531c615701531caada990009', '2c90881051cd4fb20151cd566d2c0002', 'courseManageMoveCate', '移动分类', '', 3, 8, '1')
INSERT INTO DEV_MENU (ID, SUPERIOR_ID, MENU_KEY, MENU_NAME, MENU_URL, MENU_LEVEL, MENU_ORDER, MENU_FLAG) VALUES ('3428a92f5316340501531bb5c44f0050', '2c90882251c853510151c85defec0005', 'quesManageEdit', '编辑', '', 3, 2, '1')
INSERT INTO DEV_MENU (ID, SUPERIOR_ID, MENU_KEY, MENU_NAME, MENU_URL, MENU_LEVEL, MENU_ORDER, MENU_FLAG) VALUES ('3428a92f5316340501531bb944800052', '2c90882251c853510151c85defec0005', 'quesManageDel', '删除', '', 3, 3, '1')
INSERT INTO DEV_MENU (ID, SUPERIOR_ID, MENU_KEY, MENU_NAME, MENU_URL, MENU_LEVEL, MENU_ORDER, MENU_FLAG) VALUES ('3428a92f5316340501531bb9c5360053', '2c90882251c853510151c85defec0005', 'quesManageStart', '启用', '', 3, 4, '1')
INSERT INTO DEV_MENU (ID, SUPERIOR_ID, MENU_KEY, MENU_NAME, MENU_URL, MENU_LEVEL, MENU_ORDER, MENU_FLAG) VALUES ('3428a92f5316340501531bba7d390054', '2c90882251c853510151c85defec0005', 'quesManageStop', '停用', '', 3, 5, '1')
INSERT INTO DEV_MENU (ID, SUPERIOR_ID, MENU_KEY, MENU_NAME, MENU_URL, MENU_LEVEL, MENU_ORDER, MENU_FLAG) VALUES ('3428a92f5316340501531bbb2e5b0055', '2c90882251c853510151c85defec0005', 'quesManageSetting', '设置', '', 3, 6, '1')
INSERT INTO DEV_MENU (ID, SUPERIOR_ID, MENU_KEY, MENU_NAME, MENU_URL, MENU_LEVEL, MENU_ORDER, MENU_FLAG) VALUES ('3428a92f5316340501531bbbd5210056', '2c90882251c853510151c85defec0005', 'quesManageRefer', '出题参考', '', 3, 7, '1')
INSERT INTO DEV_MENU (ID, SUPERIOR_ID, MENU_KEY, MENU_NAME, MENU_URL, MENU_LEVEL, MENU_ORDER, MENU_FLAG) VALUES ('3428a92f5316340501531bbc7ffa0057', '2c90882251c853510151c85defec0005', 'quesManageMoveCate', '移动分类', '', 3, 8, '1')
INSERT INTO DEV_MENU (ID, SUPERIOR_ID, MENU_KEY, MENU_NAME, MENU_URL, MENU_LEVEL, MENU_ORDER, MENU_FLAG) VALUES ('3428a92f5316340501531bbd2d040058', '2c90882251c853510151c85defec0005', 'quesManageImport', '批量导入', '', 3, 9, '1')
INSERT INTO DEV_MENU (ID, SUPERIOR_ID, MENU_KEY, MENU_NAME, MENU_URL, MENU_LEVEL, MENU_ORDER, MENU_FLAG) VALUES ('3428a92f5316340501531bbd8a030059', '2c90882251c853510151c85defec0005', 'quesManageExport', '批量导出', '', 3, 10, '1')
INSERT INTO DEV_MENU (ID, SUPERIOR_ID, MENU_KEY, MENU_NAME, MENU_URL, MENU_LEVEL, MENU_ORDER, MENU_FLAG) VALUES ('2c908822531cce6201531ccfd5ee0004', '2c90881451c8b48a0151c8e51da40005', 'paperManageDel', '删除', '', 3, 3, '1')
INSERT INTO DEV_MENU (ID, SUPERIOR_ID, MENU_KEY, MENU_NAME, MENU_URL, MENU_LEVEL, MENU_ORDER, MENU_FLAG) VALUES ('2c908822531cce6201531ccf76020002', '2c90881451c8b48a0151c8e51da40005', 'paperManageAdd', '新增', '', 3, 1, '1')
INSERT INTO DEV_MENU (ID, SUPERIOR_ID, MENU_KEY, MENU_NAME, MENU_URL, MENU_LEVEL, MENU_ORDER, MENU_FLAG) VALUES ('2c908822531cce6201531ccfa4e70003', '2c90881451c8b48a0151c8e51da40005', 'paperManageEdit', '编辑', '', 3, 2, '1')
INSERT INTO DEV_MENU (ID, SUPERIOR_ID, MENU_KEY, MENU_NAME, MENU_URL, MENU_LEVEL, MENU_ORDER, MENU_FLAG) VALUES ('2c908822531cce6201531cd0118d0005', '2c90881451c8b48a0151c8e51da40005', 'paperManageStart', '启用', '', 3, 4, '1')
INSERT INTO DEV_MENU (ID, SUPERIOR_ID, MENU_KEY, MENU_NAME, MENU_URL, MENU_LEVEL, MENU_ORDER, MENU_FLAG) VALUES ('2c908822531cce6201531cd053830006', '2c90881451c8b48a0151c8e51da40005', 'paperManageStop', '停用', '', 3, 5, '1')
INSERT INTO DEV_MENU (ID, SUPERIOR_ID, MENU_KEY, MENU_NAME, MENU_URL, MENU_LEVEL, MENU_ORDER, MENU_FLAG) VALUES ('2c908822535919d40153591ee2890002', '2c90882251c853510151c85defec0005', 'quesManage', '管理员', '', 3, 11, '1')
INSERT INTO DEV_MENU (ID, SUPERIOR_ID, MENU_KEY, MENU_NAME, MENU_URL, MENU_LEVEL, MENU_ORDER, MENU_FLAG) VALUES ('2c90882253596da80153596ebde90002', '2c90881051cd4fb20151cd566d2c0002', 'courseManage', '管理员', '', 3, 9, '1')
INSERT INTO DEV_MENU (ID, SUPERIOR_ID, MENU_KEY, MENU_NAME, MENU_URL, MENU_LEVEL, MENU_ORDER, MENU_FLAG) VALUES ('2c90882253596da80153596f6dca0003', '2c90880a51d276320151d2783ac40002', 'examManage', '管理员', '', 3, 6, '1')
INSERT INTO DEV_MENU (ID, SUPERIOR_ID, MENU_KEY, MENU_NAME, MENU_URL, MENU_LEVEL, MENU_ORDER, MENU_FLAG) VALUES ('2c90882253596da80153596fca2e0004', '2c9088105214de8a015214e21d340002', 'trainManage', '管理员', '', 3, 9, '1')
INSERT INTO DEV_MENU (ID, SUPERIOR_ID, MENU_KEY, MENU_NAME, MENU_URL, MENU_LEVEL, MENU_ORDER, MENU_FLAG) VALUES ('2c968119531c463401531c6ad72c0005', '2c90880a51d276320151d2783ac40002', 'examManageAdd', '新建', '', 3, 1, '1')
INSERT INTO DEV_MENU (ID, SUPERIOR_ID, MENU_KEY, MENU_NAME, MENU_URL, MENU_LEVEL, MENU_ORDER, MENU_FLAG) VALUES ('2c968119531c463401531c6b8f000006', '2c90880a51d276320151d2783ac40002', 'examManageEdit', '编辑', '', 3, 2, '1')
INSERT INTO DEV_MENU (ID, SUPERIOR_ID, MENU_KEY, MENU_NAME, MENU_URL, MENU_LEVEL, MENU_ORDER, MENU_FLAG) VALUES ('2c968119531c463401531c6c29da0007', '2c90880a51d276320151d2783ac40002', 'examManageDel', '删除', '', 3, 3, '1')
INSERT INTO DEV_MENU (ID, SUPERIOR_ID, MENU_KEY, MENU_NAME, MENU_URL, MENU_LEVEL, MENU_ORDER, MENU_FLAG) VALUES ('2c968119531c463401531c6cb8a40008', '2c90880a51d276320151d2783ac40002', 'examManageExport', '批量导出', '', 3, 4, '1')
INSERT INTO DEV_MENU (ID, SUPERIOR_ID, MENU_KEY, MENU_NAME, MENU_URL, MENU_LEVEL, MENU_ORDER, MENU_FLAG) VALUES ('2c968119531c463401531c6d20550009', '2c90880a51d276320151d2783ac40002', 'examManageMoveCate', '移动分类', '', 3, 4, '1')
INSERT INTO DEV_MENU (ID, SUPERIOR_ID, MENU_KEY, MENU_NAME, MENU_URL, MENU_LEVEL, MENU_ORDER, MENU_FLAG) VALUES ('3428a92f53543197015355a6f1e90059', '2c90881451c8b48a0151c8e51da40005', 'paperManage', '管理员', '', 3, 7, '1')
INSERT INTO DEV_MENU (ID, SUPERIOR_ID, MENU_KEY, MENU_NAME, MENU_URL, MENU_LEVEL, MENU_ORDER, MENU_FLAG) VALUES ('2c90880b539caf0e01539cfad31f000b', '2c90881451c8b48a0151c8e51da40005', 'paperManageMoveCate', '移动分类', '', 3, 6, '1')
INSERT INTO DEV_MENU (ID, SUPERIOR_ID, MENU_KEY, MENU_NAME, MENU_URL, MENU_LEVEL, MENU_ORDER, MENU_FLAG) VALUES ('2c908822531cb8a801531cba32370003', '2c9088105214de8a015214e21d340002', 'trainManageEdit', '修改', '', 3, 2, '1')
INSERT INTO DEV_MENU (ID, SUPERIOR_ID, MENU_KEY, MENU_NAME, MENU_URL, MENU_LEVEL, MENU_ORDER, MENU_FLAG) VALUES ('2c908822531cb8a801531cb9f5b90002', '2c9088105214de8a015214e21d340002', 'trainManageAdd', '新增', '', 3, 1, '1')
INSERT INTO DEV_MENU (ID, SUPERIOR_ID, MENU_KEY, MENU_NAME, MENU_URL, MENU_LEVEL, MENU_ORDER, MENU_FLAG) VALUES ('2c908822531cb8a801531cba64fd0004', '2c9088105214de8a015214e21d340002', 'trainManageDel', '删除', '', 3, 3, '1')
INSERT INTO DEV_MENU (ID, SUPERIOR_ID, MENU_KEY, MENU_NAME, MENU_URL, MENU_LEVEL, MENU_ORDER, MENU_FLAG) VALUES ('2c908822531cb8a801531cbaa3e50005', '2c9088105214de8a015214e21d340002', 'trainManageStart', '启用', '', 3, 4, '1')
INSERT INTO DEV_MENU (ID, SUPERIOR_ID, MENU_KEY, MENU_NAME, MENU_URL, MENU_LEVEL, MENU_ORDER, MENU_FLAG) VALUES ('2c908822531cb8a801531cbae0380006', '2c9088105214de8a015214e21d340002', 'trainManageStop', '停用', '', 3, 5, '1')
INSERT INTO DEV_MENU (ID, SUPERIOR_ID, MENU_KEY, MENU_NAME, MENU_URL, MENU_LEVEL, MENU_ORDER, MENU_FLAG) VALUES ('2c908822531cb8a801531cbb221c0007', '2c9088105214de8a015214e21d340002', 'trainManageImport', '批量导入', '', 3, 6, '1')
INSERT INTO DEV_MENU (ID, SUPERIOR_ID, MENU_KEY, MENU_NAME, MENU_URL, MENU_LEVEL, MENU_ORDER, MENU_FLAG) VALUES ('2c908822531cb8a801531cbb5b440008', '2c9088105214de8a015214e21d340002', 'trainManageExport', '批量导出', '', 3, 7, '1')
INSERT INTO DEV_MENU (ID, SUPERIOR_ID, MENU_KEY, MENU_NAME, MENU_URL, MENU_LEVEL, MENU_ORDER, MENU_FLAG) VALUES ('2c908822531cb8a801531cbba1650009', '2c9088105214de8a015214e21d340002', 'trainManageMoveCate', '移动分类', '', 3, 8, '1')
INSERT INTO DEV_MENU (ID, SUPERIOR_ID, MENU_KEY, MENU_NAME, MENU_URL, MENU_LEVEL, MENU_ORDER, MENU_FLAG) VALUES ('297e537b54037ebc015403c874f4000d', '402880a245cb55040145cb6a3a0e0001', 'gzydQkLinkLog', '快速链接（广州移动）', '/app/custom/gzyd/gzyd-mappings!qkLinkLogListPage.htm', 2, 20, '1')
INSERT INTO DEV_MENU (ID, SUPERIOR_ID, MENU_KEY, MENU_NAME, MENU_URL, MENU_LEVEL, MENU_ORDER, MENU_FLAG) VALUES ('297eac2057f44ea10157f460cf370003', null, 'ArticleEdit', '文章编辑(业务模板)', null, 3, 10, '1')


INSERT INTO DEV_MENU_ROLE (menu_id, role_id) VALUES ('402880a245b0f9720145b19d8a560004', '402880a545d051680145d0fd5128000f')
INSERT INTO DEV_MENU_ROLE (menu_id, role_id) VALUES ('4028820a488c6ee901488ceeb7e6002d', '402880a545d051680145d0fd5128000f')
INSERT INTO DEV_MENU_ROLE (menu_id, role_id) VALUES ('402880a245cb55040145cb6a3a0e0001', '402880a545d051680145d0fd5128000f')
INSERT INTO DEV_MENU_ROLE (menu_id, role_id) VALUES ('402880a245b0f9720145b18e62d50003', '402880a545d051680145d0fd5128000f')
INSERT INTO DEV_MENU_ROLE (menu_id, role_id) VALUES ('402880a245cae42e0145cb0c9d16000a', '402880a545d051680145d0fd5128000f')
INSERT INTO DEV_MENU_ROLE (menu_id, role_id) VALUES ('402880a245c639330145c63d4ecd0001', '402880a545d051680145d0fd5128000f')
INSERT INTO DEV_MENU_ROLE (menu_id, role_id) VALUES ('402880a245cae42e0145cb0c18770009', '402880a545d051680145d0fd5128000f')
INSERT INTO DEV_MENU_ROLE (menu_id, role_id) VALUES ('402880a245cae42e0145caf7f0bb0001', '402880a545d051680145d0fd5128000f')
INSERT INTO DEV_MENU_ROLE (menu_id, role_id) VALUES ('402880a245cae42e0145cb0db62c000c', '402880a545d051680145d0fd5128000f')
INSERT INTO DEV_MENU_ROLE (menu_id, role_id) VALUES ('2c9681ca479fcbcd01479fd95cdb0064', '402880a545d051680145d0fd5128000f')
INSERT INTO DEV_MENU_ROLE (menu_id, role_id) VALUES ('402880a245cae42e0145cb0ced91000b', '402880a545d051680145d0fd5128000f')
INSERT INTO DEV_MENU_ROLE (menu_id, role_id) VALUES ('402880a245cae42e0145cb0bcf860008', '402880a545d051680145d0fd5128000f')
INSERT INTO DEV_MENU_ROLE (menu_id, role_id) VALUES ('402880ea46f08df60146f09f43380001', '402880a545d051680145d0fd5128000f')
INSERT INTO DEV_MENU_ROLE (menu_id, role_id) VALUES ('402880a245b0f9720145b186f4150002', '402880a545d051680145d0fd5128000f')
INSERT INTO DEV_MENU_ROLE (menu_id, role_id) VALUES ('402880a245cae42e0145cb0af0da0006', '402880a545d051680145d0fd5128000f')
INSERT INTO DEV_MENU_ROLE (menu_id, role_id) VALUES ('402882e147d7c7850147d7d099990004', '402880a545d051680145d0fd5128000f')
INSERT INTO DEV_MENU_ROLE (menu_id, role_id) VALUES ('402880a245cb55040145cb74c16a0002', '402880a545d051680145d0fd5128000f')
INSERT INTO DEV_MENU_ROLE (menu_id, role_id) VALUES ('402880d945b20c270145b215b65d0001', '402880a545d051680145d0fd5128000f')
INSERT INTO DEV_MENU_ROLE (menu_id, role_id) VALUES ('402880a245cae42e0145cb0b5b270007', '402880a545d051680145d0fd5128000f')
INSERT INTO DEV_MENU_ROLE (menu_id, role_id) VALUES ('402880a245cae42e0145cb0e243e000d', '402880a545d051680145d0fd5128000f')
INSERT INTO DEV_MENU_ROLE (menu_id, role_id) VALUES ('402882be48f412b30148f416c9f50003', '402880a545d051680145d0fd5128000f')

INSERT INTO DEV_INDEX_PANEL (ID, TITLE, order_index) VALUES ('495ec71783c140f4b863a20c09bdac73', '岗位知识', '6')
INSERT INTO DEV_INDEX_PANEL (ID, TITLE, order_index) VALUES ('7fc70b9418a44bb3a723201c583d3f48', '最热知识', '1')
INSERT INTO DEV_INDEX_PANEL (ID, TITLE, order_index) VALUES ('9b4a4f72cee64a9192f9ee84b08c2ebc', '最新知识', '3')
INSERT INTO DEV_INDEX_PANEL (ID, TITLE, order_index) VALUES ('cf54c2d9a6e24f74b81f6d2f77555cba', '快速链接', '5')
INSERT INTO DEV_INDEX_PANEL (ID, TITLE, order_index) VALUES ('e5a07079fdce4db28101abc54cc29871', '推荐知识', '2')
INSERT INTO DEV_INDEX_PANEL (ID, TITLE, order_index) VALUES ('ef6ab7473e3542a380eddff79aeaa77a', '公布栏', '4')
INSERT INTO DEV_INDEX_PANEL (ID, TITLE, order_index) VALUES ('f5a07079fbce4db98101dbc540c29971', '收藏夹', '7')
INSERT INTO DEV_INDEX_PANEL (ID, TITLE, ORDER_INDEX) VALUES ('f5a07079fbce4db98101dbc540c29972', '更新知识', '8')
INSERT INTO DEV_INDEX_PANEL (ID, TITLE, order_index) VALUES ('FB9B5413B25D47D68CA90604FF191F5F', '便签', '9')
INSERT INTO DEV_INDEX_PANEL (ID, TITLE, order_index) VALUES ('f5a07079fbce4db98101dbc540c29973', '我的课堂', '10')

INSERT INTO DEV_USER_INDEX_PANEL (ID, USER_ID, INDEX_PANEL_ID, ORDER_INDEX, IS_LEFT) VALUES ('402882f548ab6e5f0148ab89adb3039a', '4028809f45d4ce310145d4d4bb0c0002', 'f5a07079fbce4db98101dbc540c29971', 0, '1')
INSERT INTO DEV_USER_INDEX_PANEL (ID, USER_ID, INDEX_PANEL_ID, ORDER_INDEX, IS_LEFT) VALUES ('402882f548ab6e5f0148ab89adb3039b', '4028809f45d4ce310145d4d4bb0c0002', 'cf54c2d9a6e24f74b81f6d2f77555cba', 1, '1')
INSERT INTO DEV_USER_INDEX_PANEL (ID, USER_ID, INDEX_PANEL_ID, ORDER_INDEX, IS_LEFT) VALUES ('402882f548ab6e5f0148ab89adb4039c', '4028809f45d4ce310145d4d4bb0c0002', 'e5a07079fdce4db28101abc54cc29871', 2, '1')
INSERT INTO DEV_USER_INDEX_PANEL (ID, USER_ID, INDEX_PANEL_ID, ORDER_INDEX, IS_LEFT) VALUES ('2c9082be4e29b9ac014e29ba96d80006', '4028809f45d4ce310145d4d4bb0c0002', 'f5a07079fbce4db98101dbc540c29972', 3, '1')
INSERT INTO DEV_USER_INDEX_PANEL (ID, USER_ID, INDEX_PANEL_ID, ORDER_INDEX, IS_LEFT) VALUES ('402882f548ab6e5f0148ab89adb4039d', '4028809f45d4ce310145d4d4bb0c0002', '9b4a4f72cee64a9192f9ee84b08c2ebc', 0, '0')
INSERT INTO DEV_USER_INDEX_PANEL (ID, USER_ID, INDEX_PANEL_ID, ORDER_INDEX, IS_LEFT) VALUES ('402882f548ab6e5f0148ab89adb4039e', '4028809f45d4ce310145d4d4bb0c0002', '7fc70b9418a44bb3a723201c583d3f48', 1, '0')
INSERT INTO DEV_USER_INDEX_PANEL (ID, USER_ID, INDEX_PANEL_ID, ORDER_INDEX, IS_LEFT) VALUES ('402882f548ab6e5f0148ab89adb5039f', '4028809f45d4ce310145d4d4bb0c0002', '495ec71783c140f4b863a20c09bdac73', 2, '0')
INSERT INTO DEV_USER_INDEX_PANEL (ID, USER_ID, INDEX_PANEL_ID, ORDER_INDEX, IS_LEFT) VALUES ('402882f548ab6e5f0148ab89adb503a0', '4028809f45d4ce310145d4d4bb0c0002', 'ef6ab7473e3542a380eddff79aeaa77a', 3, '0')

INSERT INTO DEV_P_CONFIG (ID, CREATE_USER, CREATE_DATE, MODIFY_USER, MODIFY_DATE, POINTSNAME, POINTSUNIT, POINTSINIT, POINTSMAX, POINTSMIN, EXCHANGE, REMARK, STATUS, DELFLAG, CONFIGKEY) VALUES ('2c9082174d663b57014d666d89ee0113', null, null, null, null, '积分', '分', 1, 10000, 0, null, null, 0, 0, 'P1')
INSERT INTO DEV_P_CONFIG (ID, CREATE_USER, CREATE_DATE, MODIFY_USER, MODIFY_DATE, POINTSNAME, POINTSUNIT, POINTSINIT, POINTSMAX, POINTSMIN, EXCHANGE, REMARK, STATUS, DELFLAG, CONFIGKEY) VALUES ('2c9082174d663b57014d666d89ee0213', null, null, null, null, '威望', '点', 1, 10000, 0, null, null, 0, 0, 'P2')
INSERT INTO DEV_P_CONFIG (ID, CREATE_USER, CREATE_DATE, MODIFY_USER, MODIFY_DATE, POINTSNAME, POINTSUNIT, POINTSINIT, POINTSMAX, POINTSMIN, EXCHANGE, REMARK, STATUS, DELFLAG, CONFIGKEY) VALUES ('2c9082174d663b57014d666d89ee0313', null, null, null, null, '战功', '点', 1, 10000, 0, null, null, 0, 0, 'P3')
INSERT INTO DEV_P_CONFIG (ID, CREATE_USER, CREATE_DATE, MODIFY_USER, MODIFY_DATE, POINTSNAME, POINTSUNIT, POINTSINIT, POINTSMAX, POINTSMIN, EXCHANGE, REMARK, STATUS, DELFLAG, CONFIGKEY) VALUES ('2c9082174d663b57014d666d89ee0413', null, null, null, null, '金币', '个', 1, 10000, 0, null, null, 1, 0, 'P4')
INSERT INTO DEV_P_CONFIG (ID, CREATE_USER, CREATE_DATE, MODIFY_USER, MODIFY_DATE, POINTSNAME, POINTSUNIT, POINTSINIT, POINTSMAX, POINTSMIN, EXCHANGE, REMARK, STATUS, DELFLAG, CONFIGKEY) VALUES ('2c9082174d663b57014d666d89ee0513', null, null, null, null, '声望', '点', 1, 10000, 0, null, null, 1, 0, 'P5')

INSERT INTO DEV_P_STRATEGY (ID, CREATE_USER, CREATE_DATE, MODIFY_USER, MODIFY_DATE, ACTNAME, ACTRES, ACTCYC, CYCFROMDATE, CYCENDDATE, ACTTIMES, REMARK, DELFLAG, STATUS, ACTKEY) VALUES ('2c9082be4ddd0936014ddd0a96e90001', '4028809f45d4ce310145d4d4bb0c0002', null, null, null, '系统修改', null, '5', null, null, null, '系统策略', 0, 9, 'SYS_UPDATE')

INSERT INTO DEV_EL_QUES_TYPE (ID,NAME_,KEY_,REMARK,CREATE_DATE,CREATE_USER,DELFLAG,MODIFY_DATE,MODIFY_USER,TYPE_) VALUES ('2c90882251b3f3430151b3f460b30002', '单选题', '0', '', NULL, NULL, 0, NULL, NULL, '1')
INSERT INTO DEV_EL_QUES_TYPE (ID,NAME_,KEY_,REMARK,CREATE_DATE,CREATE_USER,DELFLAG,MODIFY_DATE,MODIFY_USER,TYPE_) VALUES ('2c90882251b3d11d0151b3d4891a0002', '多选题', '1', '', NULL, NULL, 0, NULL, NULL, '1')
INSERT INTO DEV_EL_QUES_TYPE (ID,NAME_,KEY_,REMARK,CREATE_DATE,CREATE_USER,DELFLAG,MODIFY_DATE,MODIFY_USER,TYPE_) VALUES ('2c90882251b3d11d0151b3d4891a0003', '判断题', '2', '', NULL, NULL, 0, NULL, NULL, '1')
INSERT INTO DEV_EL_QUES_TYPE (ID,NAME_,KEY_,REMARK,CREATE_DATE,CREATE_USER,DELFLAG,MODIFY_DATE,MODIFY_USER,TYPE_) VALUES ('2c90882251b3d11d0151b3d4891a0004', '填空题', '3', '', NULL, NULL, 0, NULL, NULL, '1')
INSERT INTO DEV_EL_QUES_TYPE (ID,NAME_,KEY_,REMARK,CREATE_DATE,CREATE_USER,DELFLAG,MODIFY_DATE,MODIFY_USER,TYPE_) VALUES ('2c90882251b3d11d0151b3d4891a0005', '问答题', '4', '', NULL, NULL, 0, NULL, NULL, '1')
INSERT INTO DEV_EL_QUES_TYPE (ID,NAME_,KEY_,REMARK,CREATE_DATE,CREATE_USER,DELFLAG,MODIFY_DATE,MODIFY_USER,TYPE_) VALUES ('2c90882251b3d11d0151b3d4891a0006', '其他', '99', '', NULL, NULL, 0, NULL, NULL, '1')
INSERT INTO DEV_EL_QUES_TYPE (ID,NAME_,KEY_,REMARK,CREATE_DATE,CREATE_USER,DELFLAG,MODIFY_DATE,MODIFY_USER,TYPE_) VALUES ('2c9088225259505f0152595287870002', '难', '1', NULL, NULL, NULL, 0, NULL, NULL, '2')
INSERT INTO DEV_EL_QUES_TYPE (ID,NAME_,KEY_,REMARK,CREATE_DATE,CREATE_USER,DELFLAG,MODIFY_DATE,MODIFY_USER,TYPE_) VALUES ('2c9088225259505f01525952b3a30003', '中', '2', NULL, NULL, NULL, 0, NULL, NULL, '2')
INSERT INTO DEV_EL_QUES_TYPE (ID,NAME_,KEY_,REMARK,CREATE_DATE,CREATE_USER,DELFLAG,MODIFY_DATE,MODIFY_USER,TYPE_) VALUES ('2c9088225259505f01525952c5770004', '易', '3', NULL, NULL, NULL, 0, NULL, NULL, '2')


INSERT INTO DEV_MENU (ID, SUPERIOR_ID, MENU_KEY, MENU_NAME, MENU_URL, MENU_LEVEL, MENU_ORDER, MENU_FLAG) VALUES ('4028b8815442aff2015442b1b2c20002', '402880a245b0f9720145b186f4150002', 'faultTree', '故障树管理', '/app/search/fault-tree!fault.htm', 2, 105, '1')
INSERT INTO DEV_MENU (ID, SUPERIOR_ID, MENU_KEY, MENU_NAME, MENU_URL, MENU_LEVEL, MENU_ORDER, MENU_FLAG) VALUES ('4028b8815442aff2015442b2b2c20002', '4028b8815442aff2015442b1b2c20002', 'faultTreeAdd', '新增', null, 3, 1, '1')
INSERT INTO DEV_MENU (ID, SUPERIOR_ID, MENU_KEY, MENU_NAME, MENU_URL, MENU_LEVEL, MENU_ORDER, MENU_FLAG) VALUES ('4028b8815442aff2015442b3b2c20002', '4028b8815442aff2015442b1b2c20002', 'faultTreeEdit', '编辑', null, 3, 2, '1')
INSERT INTO DEV_MENU (ID, SUPERIOR_ID, MENU_KEY, MENU_NAME, MENU_URL, MENU_LEVEL, MENU_ORDER, MENU_FLAG) VALUES ('4028b8815442aff2015442b4b2c20002', '4028b8815442aff2015442b1b2c20002', 'faultTreeDel', '删除', null, 3, 3, '1')
INSERT INTO DEV_MENU (ID, SUPERIOR_ID, MENU_KEY, MENU_NAME, MENU_URL, MENU_LEVEL, MENU_ORDER, MENU_FLAG) VALUES ('4028b8815442aff2015442b5b2c20002', '4028b8815442aff2015442b1b2c20002', 'faultGraphEdit', '编辑(图形)', null, 3, 4, '1')
INSERT INTO DEV_MENU (ID, SUPERIOR_ID, MENU_KEY, MENU_NAME, MENU_URL, MENU_LEVEL, MENU_ORDER, MENU_FLAG) VALUES ('4028b8815442aff2015442b6b2c20002', '4028b8815442aff2015442b1b2c20002', 'faultGraphShow', '查看(图形)', null, 3, 5, '1')
INSERT INTO DEV_MENU (ID, SUPERIOR_ID, MENU_KEY, MENU_NAME, MENU_URL, MENU_LEVEL, MENU_ORDER, MENU_FLAG) VALUES ('4028b8815442aff2015442b7b2c20002', '4028b8815442aff2015442b1b2c20002', 'faultTypeAdd', '新增(类型)', null, 3, 6, '1')
INSERT INTO DEV_MENU (ID, SUPERIOR_ID, MENU_KEY, MENU_NAME, MENU_URL, MENU_LEVEL, MENU_ORDER, MENU_FLAG) VALUES ('4028b8815442aff2015442b8b2c20002', '4028b8815442aff2015442b1b2c20002', 'faultTypeEdit', '编辑(类型)', null, 3, 7, '1')
INSERT INTO DEV_MENU (ID, SUPERIOR_ID, MENU_KEY, MENU_NAME, MENU_URL, MENU_LEVEL, MENU_ORDER, MENU_FLAG) VALUES ('4028b8815442aff2015442b9b2c20002', '4028b8815442aff2015442b1b2c20002', 'faultTypeDel', '删除(类型)', null, 3, 8, '1')

UPDATE DEV_NOTICE SET STATISTICS = 0 WHERE STATISTICS IS NULL
